{
    "name": "root",
    "metadata": {
        "timer_format_version": "0.1.0",
        "start_time_seconds": "1697264347",
        "python_version": "3.9.13 (tags/v3.9.13:6de2ca5, May 17 2022, 16:36:42) [MSC v.1929 64 bit (AMD64)]",
        "command_line_arguments": "D:\\Programs\\Unity\\Projects\\Engineering\\venv\\Scripts\\mlagents-learn config/new_trainer_config.yaml --run-id=HideSeek6 --torch-device=cuda --resume",
        "mlagents_version": "0.30.0",
        "mlagents_envs_version": "0.30.0",
        "communication_protocol_version": "1.5.0",
        "pytorch_version": "2.0.1+cu117",
        "numpy_version": "1.21.2",
        "end_time_seconds": "1697264359"
    },
    "total": 12.1141661,
    "count": 1,
    "self": 0.011436500000000294,
    "children": {
        "run_training.setup": {
            "total": 0.09864790000000001,
            "count": 1,
            "self": 0.09864790000000001
        },
        "TrainerController.start_learning": {
            "total": 12.0040817,
            "count": 1,
            "self": 9.150000000168745e-05,
            "children": {
                "TrainerController._reset_env": {
                    "total": 10.9869259,
                    "count": 1,
                    "self": 10.9869259
                },
                "TrainerController.advance": {
                    "total": 0.8054494999999999,
                    "count": 1,
                    "self": 6.799999999529405e-06,
                    "children": {
                        "env_step": {
                            "total": 0.8054427000000004,
                            "count": 1,
                            "self": 0.0006926000000007093,
                            "children": {
                                "SubprocessEnvManager._take_step": {
                                    "total": 0.8047500999999997,
                                    "count": 1,
                                    "self": 0.00011679999999891777,
                                    "children": {
                                        "TorchPolicy.evaluate": {
                                            "total": 0.8046333000000008,
                                            "count": 1,
                                            "self": 0.8046333000000008
                                        }
                                    }
                                }
                            }
                        }
                    }
                },
                "TrainerController._save_models": {
                    "total": 0.21161479999999955,
                    "count": 1,
                    "self": 0.011452900000001875,
                    "children": {
                        "RLTrainer._checkpoint": {
                            "total": 0.20016189999999767,
                            "count": 2,
                            "self": 0.20016189999999767
                        }
                    }
                }
            }
        }
    }
}