{
    "name": "root",
    "gauges": {
        "HiderBehavior.Policy.Entropy.mean": {
            "value": 1.3146933317184448,
            "min": 1.3146933317184448,
            "max": 1.3146934509277344,
            "count": 3
        },
        "HiderBehavior.Policy.Entropy.sum": {
            "value": 198722.46875,
            "min": 68278.6015625,
            "max": 198722.46875,
            "count": 3
        },
        "HiderBehavior.Step.mean": {
            "value": 18599981.0,
            "min": 18299960.0,
            "max": 18599981.0,
            "count": 3
        },
        "HiderBehavior.Step.sum": {
            "value": 18599981.0,
            "min": 18299960.0,
            "max": 18599981.0,
            "count": 3
        },
        "HiderBehavior.Policy.ExtrinsicBaselineEstimate.mean": {
            "value": 37.77131652832031,
            "min": 35.02474594116211,
            "max": 37.85021209716797,
            "count": 3
        },
        "HiderBehavior.Policy.ExtrinsicBaselineEstimate.sum": {
            "value": 91255.5,
            "min": 28264.970703125,
            "max": 91256.859375,
            "count": 3
        },
        "HiderBehavior.Policy.ExtrinsicValueEstimate.mean": {
            "value": 39.43156051635742,
            "min": 36.2207145690918,
            "max": 39.43156051635742,
            "count": 3
        },
        "HiderBehavior.Policy.ExtrinsicValueEstimate.sum": {
            "value": 95266.6484375,
            "min": 29230.1171875,
            "max": 95266.6484375,
            "count": 3
        },
        "HiderBehavior.Environment.EpisodeLength.mean": {
            "value": 481.86725663716817,
            "min": 463.93333333333334,
            "max": 481.86725663716817,
            "count": 3
        },
        "HiderBehavior.Environment.EpisodeLength.sum": {
            "value": 163353.0,
            "min": 41754.0,
            "max": 163353.0,
            "count": 3
        },
        "HiderBehavior.Environment.CumulativeReward.mean": {
            "value": 4.643613097766156,
            "min": 4.643613097766156,
            "max": 4.845685697264141,
            "count": 3
        },
        "HiderBehavior.Environment.CumulativeReward.sum": {
            "value": 1574.184840142727,
            "min": 436.11171275377274,
            "max": 1574.184840142727,
            "count": 3
        },
        "HiderBehavior.Policy.ExtrinsicReward.mean": {
            "value": 147.97656536119877,
            "min": 137.73439284099473,
            "max": 147.97656536119877,
            "count": 3
        },
        "HiderBehavior.Policy.ExtrinsicReward.sum": {
            "value": 50164.055657446384,
            "min": 12396.095355689526,
            "max": 50164.055657446384,
            "count": 3
        },
        "HiderBehavior.Environment.GroupCumulativeReward.mean": {
            "value": 143.61370716510905,
            "min": 138.41463414634146,
            "max": 143.61370716510905,
            "count": 3
        },
        "HiderBehavior.Environment.GroupCumulativeReward.sum": {
            "value": 46100.0,
            "min": 11350.0,
            "max": 46100.0,
            "count": 3
        },
        "HiderBehavior.IsTraining.mean": {
            "value": 1.0,
            "min": 1.0,
            "max": 1.0,
            "count": 3
        },
        "HiderBehavior.IsTraining.sum": {
            "value": 1.0,
            "min": 1.0,
            "max": 1.0,
            "count": 3
        },
        "SeekerBehavior.Policy.Entropy.mean": {
            "value": 1.7319127321243286,
            "min": 1.7319127321243286,
            "max": 1.7319127321243286,
            "count": 2
        },
        "SeekerBehavior.Policy.Entropy.sum": {
            "value": 258972.90625,
            "min": 227840.046875,
            "max": 258972.90625,
            "count": 2
        },
        "SeekerBehavior.Step.mean": {
            "value": 12449970.0,
            "min": 12299992.0,
            "max": 12449970.0,
            "count": 2
        },
        "SeekerBehavior.Step.sum": {
            "value": 12449970.0,
            "min": 12299992.0,
            "max": 12449970.0,
            "count": 2
        },
        "SeekerBehavior.Policy.ExtrinsicValueEstimate.mean": {
            "value": 2.8839149475097656,
            "min": 2.8839149475097656,
            "max": 3.437591552734375,
            "count": 2
        },
        "SeekerBehavior.Policy.ExtrinsicValueEstimate.sum": {
            "value": 6803.1552734375,
            "min": 6803.1552734375,
            "max": 7081.4384765625,
            "count": 2
        },
        "SeekerBehavior.Environment.EpisodeLength.mean": {
            "value": 287.92857142857144,
            "min": 240.21428571428572,
            "max": 287.92857142857144,
            "count": 2
        },
        "SeekerBehavior.Environment.EpisodeLength.sum": {
            "value": 8062.0,
            "min": 6726.0,
            "max": 8062.0,
            "count": 2
        },
        "SeekerBehavior.Environment.CumulativeReward.mean": {
            "value": 122.64082235736507,
            "min": 122.64082235736507,
            "max": 136.3271162041596,
            "count": 2
        },
        "SeekerBehavior.Environment.CumulativeReward.sum": {
            "value": 3433.9430260062218,
            "min": 3433.9430260062218,
            "max": 3817.159253716469,
            "count": 2
        },
        "SeekerBehavior.Policy.ExtrinsicReward.mean": {
            "value": 122.64082235736507,
            "min": 122.64082235736507,
            "max": 136.3271162041596,
            "count": 2
        },
        "SeekerBehavior.Policy.ExtrinsicReward.sum": {
            "value": 3433.9430260062218,
            "min": 3433.9430260062218,
            "max": 3817.159253716469,
            "count": 2
        },
        "SeekerBehavior.IsTraining.mean": {
            "value": 1.0,
            "min": 1.0,
            "max": 1.0,
            "count": 2
        },
        "SeekerBehavior.IsTraining.sum": {
            "value": 1.0,
            "min": 1.0,
            "max": 1.0,
            "count": 2
        }
    },
    "metadata": {
        "timer_format_version": "0.1.0",
        "start_time_seconds": "1700207907",
        "python_version": "3.9.13 (tags/v3.9.13:6de2ca5, May 17 2022, 16:36:42) [MSC v.1929 64 bit (AMD64)]",
        "command_line_arguments": "D:\\Programs\\Unity\\Projects\\Engineering\\venv\\Scripts\\mlagents-learn results/HideSeek18/configuration.yaml --run-id=HideSeek18 --resume --torch-device=cuda",
        "mlagents_version": "0.30.0",
        "mlagents_envs_version": "0.30.0",
        "communication_protocol_version": "1.5.0",
        "pytorch_version": "2.0.1+cu117",
        "numpy_version": "1.21.2",
        "end_time_seconds": "1700208437"
    },
    "total": 530.9169431,
    "count": 1,
    "self": 0.006937600000014754,
    "children": {
        "run_training.setup": {
            "total": 0.1188883999999959,
            "count": 1,
            "self": 0.1188883999999959
        },
        "TrainerController.start_learning": {
            "total": 530.7911171000001,
            "count": 1,
            "self": 0.22240130000068348,
            "children": {
                "TrainerController._reset_env": {
                    "total": 20.7126289,
                    "count": 1,
                    "self": 20.7126289
                },
                "TrainerController.advance": {
                    "total": 509.5110736999994,
                    "count": 11604,
                    "self": 0.2910173999979975,
                    "children": {
                        "env_step": {
                            "total": 276.8150672000011,
                            "count": 11604,
                            "self": 201.03813700000174,