{"count":1,"self":4.1767064,"total":44.650151,"children":{"InitializeActuators":{"count":36,"self":0.0045737999999999994,"total":0.0045737999999999994,"children":null},"InitializeSensors":{"count":36,"self":0.0054957999999999995,"total":0.0054957999999999995,"children":null},"AgentInfo.ToProto":{"count":18,"self":0.0015367,"total":0.0080645,"children":{"GenerateSensorData":{"count":18,"self":0.0050212999999999994,"total":0.0065277999999999994,"children":{"RayPerceptionSensor.Perceive":{"count":18,"self":0.0015065,"total":0.0015065,"children":null}}}}},"AgentSendState":{"count":1834,"self":1.3527315,"total":2.0685671,"children":{"CollectObservations":{"count":27006,"self":0.0747736,"total":0.0747736,"children":null},"WriteActionMask":{"count":27006,"self":0.0329585,"total":0.0329585,"children":null},"RequestDecision":{"count":27006,"self":0.11313319999999999,"total":0.6081035,"children":{"AgentInfo.ToProto":{"count":27006,"self":0.1014921,"total":0.4949703,"children":{"GenerateSensorData":{"count":27006,"self":0.3199481,"total":0.3934782,"children":{"RayPerceptionSensor.Perceive":{"count":27006,"self":0.0735301,"total":0.0735301,"children":null}}}}}}}}},"DecideAction":{"count":1834,"self":38.264777599999995,"total":38.264777599999995,"children":null},"AgentAct":{"count":1834,"self":0.12095929999999999,"total":0.12095929999999999,"children":null}},"gauges":{},"metadata":{"timer_format_version":"0.1.0","start_time_seconds":"1696974650","unity_version":"2022.3.9f1","command_line_arguments":"D:\\Programs\\Unity\\Editor\\2239f1\\2022.3.9f1\\Editor\\Unity.exe -projectpath D:\\Programs\\Unity\\Projects\\Engineering -useHub -hubIPC -cloudEnvironment production -licensingIpc LicenseClient-szymo -hubSessionId 92c054ab-d92a-4ca0-b201-381d6af40825 -accessToken 9pwfWvcvBKp_UuBHflscsBlk5dP2zLlub6xeYHhqspA012f","communication_protocol_version":"1.5.0","com.unity.ml-agents_version":"2.0.1","scene_name":"SampleScene","end_time_seconds":"1696974694"}}