{"count":1,"self":4618.7200512,"total":53903.267194299995,"children":{"InitializeActuators":{"count":342852,"self":2.5703712,"total":2.5703711,"children":null},"InitializeSensors":{"count":342852,"self":4.9431388,"total":4.9431386999999996,"children":null},"AgentInfo.ToProto":{"count":342802,"self":1.1531590999999999,"total":5.0752896,"children":{"GenerateSensorData":{"count":342802,"self":3.0307982,"total":3.9221304999999997,"children":{"RayPerceptionSensor.Perceive":{"count":342802,"self":0.8913323,"total":0.8913323,"children":null}}}}},"AgentSendState":{"count":3996634,"self":1492.8220159999998,"total":2198.0977543999998,"children":{"CollectObservations":{"count":45651594,"self":72.4925184,"total":72.492519899999991,"children":null},"WriteActionMask":{"count":45651594,"self":31.617231999999998,"total":31.6172331,"children":null},"RequestDecision":{"count":45651594,"self":125.0678016,"total":601.16598779999993,"children":{"AgentInfo.ToProto":{"count":45651594,"self":97.4583744,"total":476.09818629999995,"children":{"GenerateSensorData":{"count":45651594,"self":296.324608,"total":378.63980999999995,"children":{"RayPerceptionSensor.Perceive":{"count":45651594,"self":82.3152064,"total":82.31520669999999,"children":null}}}}}}}}},"DecideAction":{"count":3996634,"self":46559.130419199995,"total":46559.1291432,"children":null},"AgentAct":{"count":3996634,"self":514.7304448,"total":514.7304252,"children":null}},"gauges":{"SeekerBehavior.CumulativeReward":{"count":85675,"max":188.19989,"min":61.32345,"runningAverage":165.721222,"value":168.3443,"weightedAverage":167.861374},"HiderBehavior.CumulativeReward":{"count":1254,"max":14.2187271,"min":0,"runningAverage":0.301221,"value":0,"weightedAverage":1.05559566E-05}},"metadata":{"timer_format_version":"0.1.0","start_time_seconds":"1700091368","unity_version":"2022.3.9f1","command_line_arguments":"D:\\Programs\\Unity\\Editor\\2239f1\\2022.3.9f1\\Editor\\Unity.exe -projectpath D:\\Programs\\Unity\\Projects\\Engineering -useHub -hubIPC -cloudEnvironment production -licensingIpc LicenseClient-szymo -hubSessionId 1590047e-09dc-4b33-94bc-a07c70755ef5 -accessToken qsUfvSH1RyRJ3yf8tH3Rv552AkmzT-ChBJ0jlElg1bY012f","communication_protocol_version":"1.5.0","com.unity.ml-agents_version":"2.0.1","scene_name":"SampleScene","end_time_seconds":"1700145271"}}